[ {
  "entityTypeId" : "1e0c352f-bb82-40ad-81dd-361f9961cb4a",
  "id" : "16bc06ba-3a67-4b17-8622-bd9fc9777d1d",
  "name" : "Address1",
  "dataType" : "string",
  "hasIndex" : false,
  "unique" : false,
  "primarykey" : false,
  "namefield" : false,
  "nullable" : false,
  "custom" : true,
  "createable" : true,
  "updateable" : true,
  "audit" : false,
  "customizable" : false,
  "fieldLength" : 100,
  "fieldOrder" : 1,
  "fieldProperties" : {
    "autoGenerated" : "false"
  }
}, {
  "entityTypeId" : "1e0c352f-bb82-40ad-81dd-361f9961cb4a",
  "id" : "6b268a5b-7bad-4f79-bba2-c0bbf76c8373",
  "name" : "Address2",
  "dataType" : "string",
  "hasIndex" : false,
  "unique" : false,
  "primarykey" : false,
  "namefield" : false,
  "nullable" : true,
  "custom" : true,
  "createable" : true,
  "updateable" : true,
  "audit" : false,
  "customizable" : false,
  "fieldLength" : 100,
  "fieldOrder" : 2,
  "fieldProperties" : {
    "autoGenerated" : "false"
  }
}, {
  "entityTypeId" : "1e0c352f-bb82-40ad-81dd-361f9961cb4a",
  "id" : "db9d423c-843e-4051-bf36-24f0d287745f",
  "name" : "City",
  "dataType" : "string",
  "hasIndex" : false,
  "unique" : false,
  "primarykey" : false,
  "namefield" : false,
  "nullable" : true,
  "custom" : true,
  "createable" : true,
  "updateable" : true,
  "audit" : false,
  "customizable" : false,
  "fieldLength" : 45,
  "fieldOrder" : 3,
  "fieldProperties" : {
    "autoGenerated" : "false"
  }
}, {
  "entityTypeId" : "1e0c352f-bb82-40ad-81dd-361f9961cb4a",
  "id" : "acad64c1-4b30-48d9-b09d-0bea393648cb",
  "name" : "Country",
  "dataType" : "string",
  "hasIndex" : false,
  "unique" : false,
  "primarykey" : false,
  "namefield" : false,
  "nullable" : true,
  "custom" : true,
  "createable" : true,
  "updateable" : true,
  "audit" : false,
  "customizable" : false,
  "fieldLength" : 45,
  "fieldOrder" : 4,
  "fieldProperties" : {
    "autoGenerated" : "false"
  }
}, {
  "entityTypeId" : "1e0c352f-bb82-40ad-81dd-361f9961cb4a",
  "id" : "d977dbda-ad3a-4cf9-9097-275be8c78dd5",
  "name" : "CreatedBy",
  "dataType" : "string",
  "hasIndex" : false,
  "unique" : false,
  "primarykey" : false,
  "namefield" : false,
  "nullable" : true,
  "custom" : true,
  "createable" : true,
  "updateable" : true,
  "audit" : false,
  "customizable" : false,
  "fieldLength" : 32,
  "fieldOrder" : 8,
  "fieldProperties" : {
    "standard" : "true",
    "isSoftDeleteField" : "false",
    "isUpdateTimeStampField" : "false",
    "autoGenerated" : "false"
  }
}, {
  "entityTypeId" : "1e0c352f-bb82-40ad-81dd-361f9961cb4a",
  "id" : "fa8b9cbd-f03b-44c2-8426-1f8afdf4dbe6",
  "name" : "CreatedDateTime",
  "dataType" : "date",
  "hasIndex" : false,
  "unique" : false,
  "primarykey" : false,
  "namefield" : false,
  "nullable" : false,
  "custom" : true,
  "createable" : true,
  "updateable" : true,
  "audit" : false,
  "customizable" : false,
  "fieldLength" : 32,
  "fieldOrder" : 9,
  "fieldProperties" : {
    "standard" : "true",
    "isSoftDeleteField" : "false",
    "isUpdateTimeStampField" : "false",
    "autoGenerated" : "false"
  }
}, {
  "entityTypeId" : "1e0c352f-bb82-40ad-81dd-361f9961cb4a",
  "id" : "f9213083-f845-4d38-88bb-3927916f6685",
  "name" : "LastUpdatedBy",
  "dataType" : "string",
  "hasIndex" : false,
  "unique" : false,
  "primarykey" : false,
  "namefield" : false,
  "nullable" : true,
  "custom" : true,
  "createable" : true,
  "updateable" : true,
  "audit" : false,
  "customizable" : false,
  "fieldLength" : 32,
  "fieldOrder" : 10,
  "fieldProperties" : {
    "standard" : "true",
    "isSoftDeleteField" : "false",
    "isUpdateTimeStampField" : "false",
    "autoGenerated" : "false"
  }
}, {
  "entityTypeId" : "1e0c352f-bb82-40ad-81dd-361f9961cb4a",
  "id" : "d46d24ee-a1b3-4539-a2d7-4bb2d1be4661",
  "name" : "LastUpdatedDateTime",
  "dataType" : "date",
  "hasIndex" : false,
  "unique" : false,
  "primarykey" : false,
  "namefield" : false,
  "nullable" : false,
  "custom" : true,
  "createable" : true,
  "updateable" : true,
  "audit" : false,
  "customizable" : false,
  "fieldLength" : 32,
  "fieldOrder" : 11,
  "fieldProperties" : {
    "standard" : "true",
    "isSoftDeleteField" : "false",
    "isUpdateTimeStampField" : "true",
    "autoGenerated" : "false",
    "timeStampFieldFormat" : "yyyy-MM-dd'T'HH:mm:ss.SSS"
  }
}, {
  "entityTypeId" : "1e0c352f-bb82-40ad-81dd-361f9961cb4a",
  "id" : "41d9aa69-a092-409a-bc59-61902a2741f9",
  "name" : "Location_id",
  "dataType" : "number",
  "hasIndex" : false,
  "unique" : true,
  "primarykey" : true,
  "namefield" : false,
  "nullable" : false,
  "custom" : true,
  "createable" : true,
  "updateable" : true,
  "audit" : false,
  "customizable" : false,
  "fieldOrder" : 5,
  "fieldProperties" : {
    "autoGenerated" : "true"
  }
}, {
  "entityTypeId" : "1e0c352f-bb82-40ad-81dd-361f9961cb4a",
  "id" : "2a91d4b5-02ca-4c08-88fa-2f0a2fdf4de1",
  "name" : "SoftDeleteFlag",
  "dataType" : "boolean",
  "hasIndex" : false,
  "unique" : false,
  "primarykey" : false,
  "namefield" : false,
  "nullable" : true,
  "custom" : true,
  "createable" : true,
  "updateable" : true,
  "audit" : false,
  "customizable" : false,
  "fieldLength" : 1,
  "fieldOrder" : 12,
  "fieldProperties" : {
    "standard" : "true",
    "isSoftDeleteField" : "true",
    "isUpdateTimeStampField" : "false",
    "autoGenerated" : "false"
  }
}, {
  "entityTypeId" : "1e0c352f-bb82-40ad-81dd-361f9961cb4a",
  "id" : "44ab8e17-b45a-4824-b400-0b77b749f1b3",
  "name" : "State",
  "dataType" : "string",
  "hasIndex" : false,
  "unique" : false,
  "primarykey" : false,
  "namefield" : false,
  "nullable" : true,
  "custom" : true,
  "createable" : true,
  "updateable" : true,
  "audit" : false,
  "customizable" : false,
  "fieldLength" : 45,
  "fieldOrder" : 6,
  "fieldProperties" : {
    "autoGenerated" : "false"
  }
}, {
  "entityTypeId" : "1e0c352f-bb82-40ad-81dd-361f9961cb4a",
  "id" : "ece9cfc0-e45d-48c9-8664-09a8d4a3cc5b",
  "name" : "Zipcode",
  "dataType" : "string",
  "hasIndex" : false,
  "unique" : false,
  "primarykey" : false,
  "namefield" : false,
  "nullable" : true,
  "custom" : true,
  "createable" : true,
  "updateable" : true,
  "audit" : false,
  "customizable" : false,
  "fieldLength" : 10,
  "fieldOrder" : 7,
  "fieldProperties" : {
    "autoGenerated" : "false"
  }
} ]