[ {
  "entityTypeId" : "3f63c592-4894-4d0d-8064-ff3c73851465",
  "id" : "4bb354cb-81c0-4aa4-be9d-916be4bcf752",
  "name" : "CreatedBy",
  "dataType" : "string",
  "hasIndex" : false,
  "unique" : false,
  "primarykey" : false,
  "namefield" : false,
  "nullable" : true,
  "custom" : true,
  "createable" : true,
  "updateable" : true,
  "audit" : false,
  "customizable" : false,
  "fieldLength" : 32,
  "fieldOrder" : 3,
  "fieldProperties" : {
    "standard" : "true",
    "isSoftDeleteField" : "false",
    "isUpdateTimeStampField" : "false",
    "autoGenerated" : "false"
  }
}, {
  "entityTypeId" : "3f63c592-4894-4d0d-8064-ff3c73851465",
  "id" : "fa9e6c6d-d091-4319-88e6-27a49029acf0",
  "name" : "CreatedDateTime",
  "dataType" : "date",
  "hasIndex" : false,
  "unique" : false,
  "primarykey" : false,
  "namefield" : false,
  "nullable" : false,
  "custom" : true,
  "createable" : true,
  "updateable" : true,
  "audit" : false,
  "customizable" : false,
  "fieldLength" : 32,
  "fieldOrder" : 4,
  "fieldProperties" : {
    "standard" : "true",
    "isSoftDeleteField" : "false",
    "isUpdateTimeStampField" : "false",
    "autoGenerated" : "false"
  }
}, {
  "entityTypeId" : "3f63c592-4894-4d0d-8064-ff3c73851465",
  "id" : "513be337-586b-44b5-a95a-cf52653b9435",
  "name" : "Department_id",
  "dataType" : "number",
  "hasIndex" : false,
  "unique" : true,
  "primarykey" : true,
  "namefield" : false,
  "nullable" : false,
  "custom" : true,
  "createable" : true,
  "updateable" : true,
  "audit" : false,
  "customizable" : false,
  "fieldOrder" : 1,
  "fieldProperties" : {
    "autoGenerated" : "true"
  }
}, {
  "entityTypeId" : "3f63c592-4894-4d0d-8064-ff3c73851465",
  "id" : "17f5d3a0-fbaf-4c7d-a3a0-c21d45186710",
  "name" : "LastUpdatedBy",
  "dataType" : "string",
  "hasIndex" : false,
  "unique" : false,
  "primarykey" : false,
  "namefield" : false,
  "nullable" : true,
  "custom" : true,
  "createable" : true,
  "updateable" : true,
  "audit" : false,
  "customizable" : false,
  "fieldLength" : 32,
  "fieldOrder" : 5,
  "fieldProperties" : {
    "standard" : "true",
    "isSoftDeleteField" : "false",
    "isUpdateTimeStampField" : "false",
    "autoGenerated" : "false"
  }
}, {
  "entityTypeId" : "3f63c592-4894-4d0d-8064-ff3c73851465",
  "id" : "7e18b207-e7fc-4a01-8ece-9d02b33189d2",
  "name" : "LastUpdatedDateTime",
  "dataType" : "date",
  "hasIndex" : false,
  "unique" : false,
  "primarykey" : false,
  "namefield" : false,
  "nullable" : false,
  "custom" : true,
  "createable" : true,
  "updateable" : true,
  "audit" : false,
  "customizable" : false,
  "fieldLength" : 32,
  "fieldOrder" : 6,
  "fieldProperties" : {
    "standard" : "true",
    "isSoftDeleteField" : "false",
    "isUpdateTimeStampField" : "true",
    "autoGenerated" : "false",
    "timeStampFieldFormat" : "yyyy-MM-dd'T'HH:mm:ss.SSS"
  }
}, {
  "entityTypeId" : "3f63c592-4894-4d0d-8064-ff3c73851465",
  "id" : "45882530-4ceb-45e0-a4e4-459026596c0e",
  "name" : "Name",
  "dataType" : "string",
  "hasIndex" : false,
  "unique" : true,
  "primarykey" : false,
  "namefield" : false,
  "nullable" : false,
  "custom" : true,
  "createable" : true,
  "updateable" : true,
  "audit" : false,
  "customizable" : false,
  "fieldLength" : 50,
  "fieldOrder" : 2,
  "fieldProperties" : {
    "autoGenerated" : "false"
  }
}, {
  "entityTypeId" : "3f63c592-4894-4d0d-8064-ff3c73851465",
  "id" : "3aba2b90-861b-4f06-bcec-eaa8c4772a4f",
  "name" : "SoftDeleteFlag",
  "dataType" : "boolean",
  "hasIndex" : false,
  "unique" : false,
  "primarykey" : false,
  "namefield" : false,
  "nullable" : true,
  "custom" : true,
  "createable" : true,
  "updateable" : true,
  "audit" : false,
  "customizable" : false,
  "fieldLength" : 1,
  "fieldOrder" : 7,
  "fieldProperties" : {
    "standard" : "true",
    "isSoftDeleteField" : "true",
    "isUpdateTimeStampField" : "false",
    "autoGenerated" : "false"
  }
} ]