[ {
  "entityTypeId" : "4144d16b-d91c-4e0e-a23e-bf8fac45d909",
  "id" : "acaea5c5-2e0d-46a8-acc5-015c06fd3505",
  "name" : "Address1",
  "sourceFieldname" : "Address1",
  "description" : "Address1",
  "dataType" : "string",
  "hasIndex" : false,
  "unique" : false,
  "primarykey" : false,
  "namefield" : false,
  "nullable" : true,
  "custom" : false,
  "createable" : true,
  "updateable" : true,
  "audit" : false,
  "customizable" : false,
  "fieldOrder" : 0,
  "fieldProperties" : {
    "autoGenerated" : "false"
  }
}, {
  "entityTypeId" : "4144d16b-d91c-4e0e-a23e-bf8fac45d909",
  "id" : "f9be6777-1bb8-4ca5-8312-63e84b361989",
  "name" : "Address2",
  "sourceFieldname" : "Address2",
  "description" : "Address2",
  "dataType" : "string",
  "hasIndex" : false,
  "unique" : false,
  "primarykey" : false,
  "namefield" : false,
  "nullable" : true,
  "custom" : false,
  "createable" : true,
  "updateable" : true,
  "audit" : false,
  "customizable" : false,
  "fieldOrder" : 0,
  "fieldProperties" : {
    "autoGenerated" : "false"
  }
}, {
  "entityTypeId" : "4144d16b-d91c-4e0e-a23e-bf8fac45d909",
  "id" : "f2c4082e-a7fe-493e-9a87-61c186b369dd",
  "name" : "City",
  "sourceFieldname" : "City",
  "description" : "City",
  "dataType" : "string",
  "hasIndex" : false,
  "unique" : false,
  "primarykey" : false,
  "namefield" : false,
  "nullable" : true,
  "custom" : false,
  "createable" : true,
  "updateable" : true,
  "audit" : false,
  "customizable" : false,
  "fieldOrder" : 0,
  "fieldProperties" : {
    "autoGenerated" : "false"
  }
}, {
  "entityTypeId" : "4144d16b-d91c-4e0e-a23e-bf8fac45d909",
  "id" : "7079c0bb-91b9-43a0-b9c6-426e0eeae5c4",
  "name" : "Contact_id",
  "sourceFieldname" : "Contact_id",
  "description" : "Contact_id",
  "dataType" : "string",
  "hasIndex" : false,
  "unique" : false,
  "primarykey" : false,
  "namefield" : false,
  "nullable" : true,
  "custom" : false,
  "createable" : true,
  "updateable" : true,
  "audit" : false,
  "customizable" : false,
  "fieldOrder" : 0,
  "fieldProperties" : {
    "autoGenerated" : "false"
  }
}, {
  "entityTypeId" : "4144d16b-d91c-4e0e-a23e-bf8fac45d909",
  "id" : "dfb88f4c-ef29-4249-8384-452c3dfba2f3",
  "name" : "Contact_type_id",
  "sourceFieldname" : "Contact_type_id",
  "description" : "Contact_type_id",
  "dataType" : "string",
  "hasIndex" : false,
  "unique" : false,
  "primarykey" : false,
  "namefield" : false,
  "nullable" : true,
  "custom" : false,
  "createable" : true,
  "updateable" : true,
  "audit" : false,
  "customizable" : false,
  "fieldOrder" : 0,
  "fieldProperties" : {
    "autoGenerated" : "false"
  }
}, {
  "entityTypeId" : "4144d16b-d91c-4e0e-a23e-bf8fac45d909",
  "id" : "57ce5fc9-5d4a-47ad-9d9a-9b657fa21ed7",
  "name" : "Country",
  "sourceFieldname" : "Country",
  "description" : "Country",
  "dataType" : "string",
  "hasIndex" : false,
  "unique" : false,
  "primarykey" : false,
  "namefield" : false,
  "nullable" : true,
  "custom" : false,
  "createable" : true,
  "updateable" : true,
  "audit" : false,
  "customizable" : false,
  "fieldOrder" : 0,
  "fieldProperties" : {
    "autoGenerated" : "false"
  }
}, {
  "entityTypeId" : "4144d16b-d91c-4e0e-a23e-bf8fac45d909",
  "id" : "2600b8f0-1f85-4f75-af68-1c95c4f7adf8",
  "name" : "CreatedBy",
  "sourceFieldname" : "CreatedBy",
  "description" : "CreatedBy",
  "dataType" : "string",
  "hasIndex" : false,
  "unique" : false,
  "primarykey" : false,
  "namefield" : false,
  "nullable" : true,
  "custom" : false,
  "createable" : true,
  "updateable" : true,
  "audit" : false,
  "customizable" : false,
  "fieldOrder" : 0,
  "fieldProperties" : {
    "autoGenerated" : "false"
  }
}, {
  "entityTypeId" : "4144d16b-d91c-4e0e-a23e-bf8fac45d909",
  "id" : "fe9640cb-86bc-4e1f-88ff-b54e65751db0",
  "name" : "CreatedDateTime",
  "sourceFieldname" : "CreatedDateTime",
  "description" : "CreatedDateTime",
  "dataType" : "date",
  "hasIndex" : false,
  "unique" : false,
  "primarykey" : false,
  "namefield" : false,
  "nullable" : true,
  "custom" : false,
  "createable" : true,
  "updateable" : true,
  "audit" : false,
  "customizable" : false,
  "fieldOrder" : 0,
  "fieldProperties" : {
    "autoGenerated" : "false"
  }
}, {
  "entityTypeId" : "4144d16b-d91c-4e0e-a23e-bf8fac45d909",
  "id" : "355f4667-b07c-4c7a-9d06-14c9fb1203f4",
  "name" : "Department_id",
  "sourceFieldname" : "Department_id",
  "description" : "Department_id",
  "dataType" : "string",
  "hasIndex" : false,
  "unique" : false,
  "primarykey" : false,
  "namefield" : false,
  "nullable" : true,
  "custom" : false,
  "createable" : true,
  "updateable" : true,
  "audit" : false,
  "customizable" : false,
  "fieldOrder" : 0,
  "fieldProperties" : {
    "autoGenerated" : "false"
  }
}, {
  "entityTypeId" : "4144d16b-d91c-4e0e-a23e-bf8fac45d909",
  "id" : "df1f0bde-89a3-495e-bb02-83faac968031",
  "name" : "Designation_id",
  "sourceFieldname" : "Designation_id",
  "description" : "Designation_id",
  "dataType" : "string",
  "hasIndex" : false,
  "unique" : false,
  "primarykey" : false,
  "namefield" : false,
  "nullable" : true,
  "custom" : false,
  "createable" : true,
  "updateable" : true,
  "audit" : false,
  "customizable" : false,
  "fieldOrder" : 0,
  "fieldProperties" : {
    "autoGenerated" : "false"
  }
}, {
  "entityTypeId" : "4144d16b-d91c-4e0e-a23e-bf8fac45d909",
  "id" : "2f72b8b8-8c49-411b-8bf4-c6583cc65699",
  "name" : "employee_id",
  "sourceFieldname" : "employee_id",
  "description" : "employee_id",
  "dataType" : "string",
  "hasIndex" : false,
  "unique" : false,
  "primarykey" : false,
  "namefield" : false,
  "nullable" : true,
  "custom" : false,
  "createable" : true,
  "updateable" : true,
  "audit" : false,
  "customizable" : false,
  "fieldOrder" : 0,
  "fieldProperties" : {
    "autoGenerated" : "false"
  }
}, {
  "entityTypeId" : "4144d16b-d91c-4e0e-a23e-bf8fac45d909",
  "id" : "c45e51c8-5d7f-4b53-b780-8ffa8c2f10b9",
  "name" : "Extension",
  "sourceFieldname" : "Extension",
  "description" : "Extension",
  "dataType" : "string",
  "hasIndex" : false,
  "unique" : false,
  "primarykey" : false,
  "namefield" : false,
  "nullable" : true,
  "custom" : false,
  "createable" : true,
  "updateable" : true,
  "audit" : false,
  "customizable" : false,
  "fieldOrder" : 0,
  "fieldProperties" : {
    "autoGenerated" : "false"
  }
}, {
  "entityTypeId" : "4144d16b-d91c-4e0e-a23e-bf8fac45d909",
  "id" : "3637d830-4532-4f2e-a0ee-7e947d88f9b5",
  "name" : "First_name",
  "sourceFieldname" : "First_name",
  "description" : "First_name",
  "dataType" : "string",
  "hasIndex" : false,
  "unique" : false,
  "primarykey" : false,
  "namefield" : false,
  "nullable" : true,
  "custom" : false,
  "createable" : true,
  "updateable" : true,
  "audit" : false,
  "customizable" : false,
  "fieldOrder" : 0,
  "fieldProperties" : {
    "autoGenerated" : "false"
  }
}, {
  "entityTypeId" : "4144d16b-d91c-4e0e-a23e-bf8fac45d909",
  "id" : "85b2813b-b438-4928-9c46-91fbfb9d2d00",
  "name" : "Image",
  "sourceFieldname" : "Image",
  "description" : "Image",
  "dataType" : "string",
  "hasIndex" : false,
  "unique" : false,
  "primarykey" : false,
  "namefield" : false,
  "nullable" : true,
  "custom" : false,
  "createable" : true,
  "updateable" : true,
  "audit" : false,
  "customizable" : false,
  "fieldOrder" : 0,
  "fieldProperties" : {
    "autoGenerated" : "false"
  }
}, {
  "entityTypeId" : "4144d16b-d91c-4e0e-a23e-bf8fac45d909",
  "id" : "e3b4cf2a-3048-42be-9447-9f681ed7f28b",
  "name" : "Is_primary",
  "sourceFieldname" : "Is_primary",
  "description" : "Is_primary",
  "dataType" : "boolean",
  "hasIndex" : false,
  "unique" : false,
  "primarykey" : false,
  "namefield" : false,
  "nullable" : true,
  "custom" : false,
  "createable" : true,
  "updateable" : true,
  "audit" : false,
  "customizable" : false,
  "fieldOrder" : 0,
  "fieldProperties" : {
    "autoGenerated" : "false"
  }
}, {
  "entityTypeId" : "4144d16b-d91c-4e0e-a23e-bf8fac45d909",
  "id" : "62570164-6e69-4e91-94bd-d84322b30730",
  "name" : "Last_name",
  "sourceFieldname" : "Last_name",
  "description" : "Last_name",
  "dataType" : "string",
  "hasIndex" : false,
  "unique" : false,
  "primarykey" : false,
  "namefield" : false,
  "nullable" : true,
  "custom" : false,
  "createable" : true,
  "updateable" : true,
  "audit" : false,
  "customizable" : false,
  "fieldOrder" : 0,
  "fieldProperties" : {
    "autoGenerated" : "false"
  }
}, {
  "entityTypeId" : "4144d16b-d91c-4e0e-a23e-bf8fac45d909",
  "id" : "ceff205b-3e0f-4b3e-8a3d-22bc94e2970e",
  "name" : "LastUpdatedBy",
  "sourceFieldname" : "LastUpdatedBy",
  "description" : "LastUpdatedBy",
  "dataType" : "string",
  "hasIndex" : false,
  "unique" : false,
  "primarykey" : false,
  "namefield" : false,
  "nullable" : true,
  "custom" : false,
  "createable" : true,
  "updateable" : true,
  "audit" : false,
  "customizable" : false,
  "fieldOrder" : 0,
  "fieldProperties" : {
    "autoGenerated" : "false"
  }
}, {
  "entityTypeId" : "4144d16b-d91c-4e0e-a23e-bf8fac45d909",
  "id" : "aaeb416e-e608-40d7-ae3c-b543115523b2",
  "name" : "LastUpdatedDateTime",
  "sourceFieldname" : "LastUpdatedDateTime",
  "description" : "LastUpdatedDateTime",
  "dataType" : "date",
  "hasIndex" : false,
  "unique" : false,
  "primarykey" : false,
  "namefield" : false,
  "nullable" : true,
  "custom" : false,
  "createable" : true,
  "updateable" : true,
  "audit" : false,
  "customizable" : false,
  "fieldOrder" : 0,
  "fieldProperties" : {
    "autoGenerated" : "false"
  }
}, {
  "entityTypeId" : "4144d16b-d91c-4e0e-a23e-bf8fac45d909",
  "id" : "0043ddc9-ecea-4065-a72b-62940258a1d2",
  "name" : "Location_id",
  "sourceFieldname" : "Location_id",
  "description" : "Location_id",
  "dataType" : "string",
  "hasIndex" : false,
  "unique" : false,
  "primarykey" : false,
  "namefield" : false,
  "nullable" : true,
  "custom" : false,
  "createable" : true,
  "updateable" : true,
  "audit" : false,
  "customizable" : false,
  "fieldOrder" : 0,
  "fieldProperties" : {
    "autoGenerated" : "false"
  }
}, {
  "entityTypeId" : "4144d16b-d91c-4e0e-a23e-bf8fac45d909",
  "id" : "fbd4f47f-c095-4680-a40c-d755181a3075",
  "name" : "Manager_id",
  "sourceFieldname" : "Manager_id",
  "description" : "Manager_id",
  "dataType" : "string",
  "hasIndex" : false,
  "unique" : false,
  "primarykey" : false,
  "namefield" : false,
  "nullable" : true,
  "custom" : false,
  "createable" : true,
  "updateable" : true,
  "audit" : false,
  "customizable" : false,
  "fieldOrder" : 0,
  "fieldProperties" : {
    "autoGenerated" : "false"
  }
}, {
  "entityTypeId" : "4144d16b-d91c-4e0e-a23e-bf8fac45d909",
  "id" : "06c82c75-0279-4075-87a7-9e9ea4703cda",
  "name" : "Media_id",
  "sourceFieldname" : "Media_id",
  "description" : "Media_id",
  "dataType" : "string",
  "hasIndex" : false,
  "unique" : false,
  "primarykey" : false,
  "namefield" : false,
  "nullable" : true,
  "custom" : false,
  "createable" : true,
  "updateable" : true,
  "audit" : false,
  "customizable" : false,
  "fieldOrder" : 0,
  "fieldProperties" : {
    "autoGenerated" : "false"
  }
}, {
  "entityTypeId" : "4144d16b-d91c-4e0e-a23e-bf8fac45d909",
  "id" : "c98c9ab9-adb7-44c6-8c59-b5b547a0b807",
  "name" : "Media_name",
  "sourceFieldname" : "Media_name",
  "description" : "Media_name",
  "dataType" : "string",
  "hasIndex" : false,
  "unique" : false,
  "primarykey" : false,
  "namefield" : false,
  "nullable" : true,
  "custom" : false,
  "createable" : true,
  "updateable" : true,
  "audit" : false,
  "customizable" : false,
  "fieldOrder" : 0,
  "fieldProperties" : {
    "autoGenerated" : "false"
  }
}, {
  "entityTypeId" : "4144d16b-d91c-4e0e-a23e-bf8fac45d909",
  "id" : "fcbbabf0-c5b5-459a-ab1a-e0478c513aeb",
  "name" : "Media_type_id",
  "sourceFieldname" : "Media_type_id",
  "description" : "Media_type_id",
  "dataType" : "string",
  "hasIndex" : false,
  "unique" : false,
  "primarykey" : false,
  "namefield" : false,
  "nullable" : true,
  "custom" : false,
  "createable" : true,
  "updateable" : true,
  "audit" : false,
  "customizable" : false,
  "fieldOrder" : 0,
  "fieldProperties" : {
    "autoGenerated" : "false"
  }
}, {
  "entityTypeId" : "4144d16b-d91c-4e0e-a23e-bf8fac45d909",
  "id" : "1d8e8bf7-9123-4b73-8754-9ea6f3d8bcbd",
  "name" : "Name",
  "sourceFieldname" : "Name",
  "description" : "Name",
  "dataType" : "string",
  "hasIndex" : false,
  "unique" : false,
  "primarykey" : false,
  "namefield" : false,
  "nullable" : true,
  "custom" : false,
  "createable" : true,
  "updateable" : true,
  "audit" : false,
  "customizable" : false,
  "fieldOrder" : 0,
  "fieldProperties" : {
    "autoGenerated" : "false"
  }
}, {
  "entityTypeId" : "4144d16b-d91c-4e0e-a23e-bf8fac45d909",
  "id" : "d17e43da-9528-47c9-9898-baf42cf57d79",
  "name" : "SoftDeleteFlag",
  "sourceFieldname" : "SoftDeleteFlag",
  "description" : "SoftDeleteFlag",
  "dataType" : "boolean",
  "hasIndex" : false,
  "unique" : false,
  "primarykey" : false,
  "namefield" : false,
  "nullable" : true,
  "custom" : false,
  "createable" : true,
  "updateable" : true,
  "audit" : false,
  "customizable" : false,
  "fieldOrder" : 0,
  "fieldProperties" : {
    "autoGenerated" : "false"
  }
}, {
  "entityTypeId" : "4144d16b-d91c-4e0e-a23e-bf8fac45d909",
  "id" : "d7124623-1ec9-4319-8e7c-00c7fa2d7af5",
  "name" : "State",
  "sourceFieldname" : "State",
  "description" : "State",
  "dataType" : "string",
  "hasIndex" : false,
  "unique" : false,
  "primarykey" : false,
  "namefield" : false,
  "nullable" : true,
  "custom" : false,
  "createable" : true,
  "updateable" : true,
  "audit" : false,
  "customizable" : false,
  "fieldOrder" : 0,
  "fieldProperties" : {
    "autoGenerated" : "false"
  }
}, {
  "entityTypeId" : "4144d16b-d91c-4e0e-a23e-bf8fac45d909",
  "id" : "6310178c-edad-4e2e-889c-5663d66411a3",
  "name" : "Status_id",
  "sourceFieldname" : "Status_id",
  "description" : "Status_id",
  "dataType" : "string",
  "hasIndex" : false,
  "unique" : false,
  "primarykey" : false,
  "namefield" : false,
  "nullable" : true,
  "custom" : false,
  "createable" : true,
  "updateable" : true,
  "audit" : false,
  "customizable" : false,
  "fieldOrder" : 0,
  "fieldProperties" : {
    "autoGenerated" : "false"
  }
}, {
  "entityTypeId" : "4144d16b-d91c-4e0e-a23e-bf8fac45d909",
  "id" : "808c94e5-447e-42dc-bea2-91016cf6eb9f",
  "name" : "Url",
  "sourceFieldname" : "Url",
  "description" : "Url",
  "dataType" : "string",
  "hasIndex" : false,
  "unique" : false,
  "primarykey" : false,
  "namefield" : false,
  "nullable" : true,
  "custom" : false,
  "createable" : true,
  "updateable" : true,
  "audit" : false,
  "customizable" : false,
  "fieldOrder" : 0,
  "fieldProperties" : {
    "autoGenerated" : "false"
  }
}, {
  "entityTypeId" : "4144d16b-d91c-4e0e-a23e-bf8fac45d909",
  "id" : "eebc3968-58e9-4944-810e-b7c510de5e72",
  "name" : "Value",
  "sourceFieldname" : "Value",
  "description" : "Value",
  "dataType" : "string",
  "hasIndex" : false,
  "unique" : false,
  "primarykey" : false,
  "namefield" : false,
  "nullable" : true,
  "custom" : false,
  "createable" : true,
  "updateable" : true,
  "audit" : false,
  "customizable" : false,
  "fieldOrder" : 0,
  "fieldProperties" : {
    "autoGenerated" : "false"
  }
}, {
  "entityTypeId" : "4144d16b-d91c-4e0e-a23e-bf8fac45d909",
  "id" : "057a91c3-cdae-47c8-889b-eb4cc7d49375",
  "name" : "Zipcode",
  "sourceFieldname" : "Zipcode",
  "description" : "Zipcode",
  "dataType" : "string",
  "hasIndex" : false,
  "unique" : false,
  "primarykey" : false,
  "namefield" : false,
  "nullable" : true,
  "custom" : false,
  "createable" : true,
  "updateable" : true,
  "audit" : false,
  "customizable" : false,
  "fieldOrder" : 0,
  "fieldProperties" : {
    "autoGenerated" : "false"
  }
} ]